insult,desc,eng,visible,region
"Ca t'puozza scap'collà","Che la tua testa si possa staccare dal collo","May your head detach from the neck",0,1
"Ca t'puozza venì la sciorda a ventaglio","Che ti possa venire la dissenteria","May you get dysentery",0,1
"Coccia 'r pruvulon","Testa di provolone (stupido)","Provolone-cheese head (stupid)",0,1
"Ma vir addò t' n'ara ì","Ma vedi dove devi andare","Go check where you have to go (fuck off)",0,1
"Mo t' tir' nu leccamuss'","Adesso ti tiro un lecca-muso (schiaffo)","I'm about to give you a face-lick (a slap)",0,1
"Muss 'r puorc","Muso di porco (brutto)","Pig face (ugly)",0,1
"piccul e mal cavat","piccolo e mal cresciuto (maleducato)","small and poorly raised (badly behaved)",1,1
"Puozza ittà ru sang","Che tu possa sputare sangue","May you spit blood",0,1
"Sí fatt' ru cul com' a 'na valig'","Hai un culo grosso come una valigia","You're ass is as big as a luggage",0,1
"T'azzecc du' sard'llin","Ti tiro due schiaffoni","I'll give you two slaps",0,1
"T' puozza schiattà n'guorp","Ti possa scoppiare il corpo","May your body blow up",0,1
"T' reng' nu' s'nistr che p' t' rà ru' destr' t'a v'ní a c'rcá a Cercemaggior'","Ti do un sinistro che per darti il destro ti vengo a cercare a Cercemaggiore","I'll hit you with my left and then to hit you with my right I have to come look for you in Cercemaggiore",0,1
"T' sfraff 'r sang'","Ti macchio di sangue (il tuo)","I'll stain you with blood (your own)",0,1
"Vatt a r'pon","Vai a riporti (vai via)","Go back where you came from",1,1
"Vatt a fa na pomb","Vai a masturbarti","Go wank",0,1
"Vatt'a ratta","Vai a grattarti","Go scratch yourself",0,1
"Vid d' n'n c' romb' ru cazz'","Vedi di non rompere il cazzo","Don't break our dick (fuck off)",0,1
Chabrabuc,Capra,Goat,0,19
Embecil,Imbecille,Imbecil,0,19
Farinel,Brigante,Bandit,0,19
"iturdí",rincoglionito,Stoned,1,19
"Vei te scià","Vai a quel paese","Fuck off",0,19
"t u puzza pgjá ngul","che tu possa prenderlo in culo","may you get it in the ass",0,3
"ambie a dat papine a dò a dò fin quan che le dienta dispari","Ti do due schiaffoni alla volta finché non diventano dispari","I'll give you slaps two by two until they become odd",0,10
babbi,rincoglionito,stoned,0,10
Balabiott,Nullafacente,Lazy,0,10
"Caghèt ados e po dopo bala","Cacati nelle mutande e poi balla","Poo in your pants and then dance",0,10
"Càsciabàll",Bugiardo,Liar,1,10
"Facia da cul de can da cacia","Faccia da culo come un cane da caccia","Assface like a hound dog",0,10
"Facia da tola","Faccia di latta (falso)","Tin face (false person)",0,10
"Gratacù",Antipatico,Unpleasant,0,10
Logia!,Puttana!,Whore!,0,10
"Ma va a ciapal in del lisca!","Ma vai a prenderlo in culo!","Go get it in your ass",0,10
"Mena no el turun!","Non parlare a vanvera!","Don't say stupid things",0,10
"Pastrügnùn",Pasticcione,Blunderer,1,10
Pelabrocch,"Pulisci rami (buono a nulla)","Tree branch cleaner (good for nothing)",0,10
Piciu,"Testa di cazzo",Dickhead,0,10
Pulentatt,"Polentone (lento)","Polentone (slow)",0,10
"ta do 'n pign sol co' che ta fo s-ciopà le scarpe","ti do un pugno in testa che ti fa scoppiare le scarpe","I'll punch you on your head and your shoes will blow up",0,10
"ta do 'n sbirlù che da che a i ta aresta per vagabondaggio","Ti do una sberla che ti arrestano per vagabondaggio","",0,10
"ta do 'n sbirlù che quan che ta smetet de pirlà i tò istich yè pasach de moda","Ti do una sberla che quando ti fermi di girare i vestiti sono passati di moda","I'll slap you so much that when you stop rolling your clothes are out of fashion",0,10
"ta parchegie na mà sol mus e po' dopo fo manovra","ti parcheggio una mano in faccia e poi faccio manovra!","",1,10
"Te ghè ciapà la vaca per i ball","Hai acchiappato la vacca per i testicoli (stai facendo un lavoro sbagliato)","You grabbed the cow by the balls (you're doing it wrong)",0,10
"Te se propri un pirla!","Sei proprio un cretino","You are so nitwit",0,10
"Te se' curiuus 'me 'l ma' de ventar","Sei curioso come il mal di pancia","You are curious like bellyache",0,10
"Te se' malà in duè te se' petenat","Sei malato dove ti pettini (sei pazzo)","You are sick where you comb yourself (you're crazy)",0,10
"Te se' püsè föra d'un vas da gerani","Sei più fuori di un vaso di gerani (sei fuori come un balcone)","You are so out of it, more than a flower jar (you're out like a balcony)",0,10
"Và a Bagg a sonà l'orghen","Vai alla chiesa di San Baggio a suonare l'organo (non c'è organo nella chiesa)","Go to Baggio's church and play the organ (there is no organ there)",0,10
"Và a cà a fa rustì el lacc!","Vai a casa ad arrostire il latte!","Go home and roast some milk!",1,10
"Và a cà a petenà i gaenn!","Vai a casa a pettinare le galline!","Go home and comb chickens!",0,10
"Va a ciapà i ratt!","Vai ad acchiappare i topi! (vaffanculo)","Go hunt rats",0,10
"Va a dà via 'l cul!","Vai a donare il tuo culo! (vaffanculo)","Go give away your ass",0,10
"Và a scuà 'l mar!","Vai a pulire il mare!","Go clean the sea!",0,10
"Va bèn a fèr dal pugnàt!","Vai a masturbarti","Go wank yourself",0,10
"bìgol!",imbranato!,dolt!,0,17
Caora,Troia,Whore,1,17
Chegambraghe!,Smidollato!,"Shitty pants!",0,17
Coion,Coglione,Jerk,0,17
imbezile,imbecille,moron,0,17
Manz!,Scemo!,Silly!,0,17
baban,babbeo,sucker,0,7
"bacon di mone","pezzo d'idiota","piece of idiot",0,7
barbuzal!,tonto!,fool!,1,7
"basoâl!",tonto!,fool!,0,7
cavociar,"testa quadra (stupido)","square head (stupid)",0,7
cojon,coglione,jerk,0,7
dordel,ingenuo,gullible,0,7
dordei/dordel,ingenuo,gullible,0,7
"Facine mal leade","Fascina mal legata (fannullone)","Poorly tied brushwood (slacker)",0,7
"imbecîl",tonto!,fool!,1,7
"ingredeât",imbranato,clod,0,7
"inšemenît",tonto!,fool!,0,7
"là a cagà te vergis","vai a defecare tra le verze","go take a dump in a cabbage field",0,7
"ma te sòn bruzà?","ma sei bruciato?","Are you burnt? (something is wrong with you)",0,7
masocja,"radice del sedano (testardo)","celery root (stubborn)",0,7
mauc!,tonto!,fool!,0,7
pecjotar!,"straccione! (pecjot è uno straccio)","tramp! (pecjot is a rag, so who dresses with rag-like clothes)",1,7
sdrondine!,puttana!,whore!,0,7
snacaios!,"sei moccio!","you're mucus!",0,7
"te sòn fora come un pergolo","sei fuori come un balcone","You're out like a balcony (crazy)",0,7
"te sòn perso come l'austria","sei perso come l'austria (che crollò dopo la I guerra mondiale)","You're lost like Austria (Austro-Hungarian empire, which dominated Friuli Venezia Giulia until the end of world war I, when it collapsed)",0,7
"te sòn tuto fulminado","sei completamente fulminato","",0,7
"testa d'asino","čha' di mus","donkey face",0,7
"testa di cavolo","čha' di vuès","cabbage head",1,7
"testa di legno","čha' di palamai",loggerhead,0,7
"testa di rapa","čha' di temul",blockhead,0,7
"testa senza cervello","čhâv sbûs","brainless head",0,7
"testardo come un mulo","testard tanche un mul","stubborn like a mule",0,7
"va a fati-foti","vai a farti fottere","go get fucked",0,7
"Ancutí",Ottuso,Dull,0,12
bacioc,sgorbio,scrawl,1,12
Badaluc,Stupido,Stupid,0,12
"Badòln",Stupido,Stupid,0,12
Bagasa,Troia,Whore,0,12
Balengu,Cretino,Nitwit,0,12
baloss,canaglia,scoundrel,0,12
baravantan,strano,weird,0,12
barlafus,"persona inutile","good for nothing",1,12
"Betè",Idiota,Idiot,0,12
Bocin,"Vitello (stupido)","Veal (stupid)",0,12
"Brut coma la neuit","Sei brutto come la notte","You're as ugly as the night",0,12
Cagon,Cacasotto,"Shitty pants",0,12
Chabrabuc,Capra,Goat,0,12
ciapa-ciapa,imbroglione,fraud,0,12
Ciaparat,"Acchiappa ratti (incapace)","Rats hunter (incompetent)",1,12
Contabale,"Racconta balle",Liar,0,12
Cutu,Stupido,Stupid,0,12
Gadan,Stupido,Stupid,0,12
fabioc,tonto,dumb,0,12
"Fafiuchè",Deficiente,Idiot,0,12
fagnan,sfaticato,lazy,0,12
Falabrac,Inetto,Incompetent,1,12
Fanfaluch,"Racconta frottole",Liar,0,12
"Fòl",Stupido,Stupid,0,12
"Fòl coma na mica","Stupido come una pagnotta","Stupid like a loaf",0,12
frusta-cadreghe,"logora-sedie (sfaticato)","chairs-worner (lazy)",0,12
Fulatrun,Scimunito,Fool,0,12
gnoc,tonto,dumb,0,12
"grass coma un fra'","grasso come un frate","Fat like a friar",1,12
"iturdí",rincoglionito,Stoned,0,12
ligera,idiota,Idiot,0,12
lumasson,"lumacone (viscido)","big snail (slimy)",0,12
"mars coma un bolè","marcio come un fungo","rotten like a mushroom",0,12
"mesi causset","mezza calza","half sock (useless)",0,12
parpagnacu,imbranato,clod,0,12
Patelavache,"Picchiatore di mucche (grezzo)","Cow-hitter (rude)",1,12
pepia!,acida!,sour!,0,12
Piciu,"Testa di cazzo",Dickhead,0,12
Savata,"Ciabatta (non vali niente)","slipper (useless)",0,12
Scraciun,Sporco,Dirty,0,12
tardoc,tonto,dumb,0,12
"testard coma un mul","testardo come un mulo","stubborn like a mule",0,12
Tupin,"Sei un contenitore di piscio","Piss container",1,12
Turlupupu,Stupido,Stupid,0,12
Turtu,Imbranato,Clod,0,12
"va a da via 'l ciape","vai a dare via il culo","go give away you're ass (fuck off)",0,12
"Va a pietlu in tel cul","Vai a quel paese","Fuck off",0,12
"Vattla piè en la giaca","Vai a prendertelo in giacca","Go get it in your coat (fuck off)",0,12
"Vei te scià","Vai a quel paese","Fuck off",0,12
Baengo,Strambo,Weird,1,20
"Bàsime i durèi","Baciami i testicoli","Kiss my testicles",0,20
Baucco!,Sciocco!,Silly!,0,20
cojon!,coglione!,asshole!,0,20
"Date cò un legno","Menati da solo con un pezzo di legno","Beat yourself with a wooden stick",0,20
"Ghe sboro","Ti getto il mio sperma addosso","I'll ejaculate on you",0,20
goldon,idiota,idiot,0,20
"Imatonìo","Sei un mattone (stupido)","You're a brick (stupid)",1,20
Imbecilon,Imbecille,Imbecile,0,20
"Imbornìo",Rincoglionito,Stoned,0,20
"Increcoeà",Rincoglionito,Stoned,0,20
"Insemenìo",Scemunito,Stupid,0,20
"Insipià",Scemunito,Stupid,0,20
Magnamerda,"Mangia merda (traditore)","Poop eater (traitor)",0,20
Magnasborae,"Mangia sperma","Sperm eater",1,20
"Ma ti gà e moròidi in testa?","Ma che hai gli emorroidi in testa? (faccia da culo)","Do you have hemorrhoids on your head? (ass face)",0,20
"Ma ti ghe gà magnà ea merda al mago?","Che hai mangiato la merda del mago (hai detto una cosa scontata)","You ate the magician's shit (you said something obvious)",0,20
"Ma ti se sbregà","Che sei rotto? (qualcosa non va in te)","Are you broken? (something is wrong with you)",0,20
"Mòngoeo",Mongoloide,"",0,20
"Muso da mona","Faccia da vagina","Pussy face",0,20
"Om de boassa","Uomo di merda","Crappy man",0,20
"S-ciopà",Scoppiato,"Blown (crazy)",1,20
"Te darìa na s-ciaffa che el muro re ne da n'altra","Ti darei uno schiaffo che poi il muro te ne da un altro","I'll slap you so hard that the wall will slap you again",0,20
"Te sì fora come un balcon","Sei fuori come un balcone","You're out like a balcony (crazy)",0,20
"Te sì imbriago!","Sei ubriaco!","You must be drunk!",0,20
"Te sì simpatico come un cancaro al cueo","Sei simpatico come un cancro al sedere","You're as nice as a cancer in the ass",0,20
"Te sì un musso","Sei un asino (testardo)","You're a donkey (stubborn)",0,20
"Te vegno in torteìn","Ti vengo nel tortellino (il culo)","I come in the tortellino (in your ass)",0,20
"Ti se scapeà?","Ti sei scapocciato? (sei fesso)","Are you blown? (you're naive)",1,20
"Tratte alto!","Buttati dall'alto!","Go jump from a high cliff!",0,20
"Va in cùeo da to mare","Vai ad avere un rapporto sessuale anale con tua madre","Go have anal sex with your mother",0,20
aldamar,letamaio,"pigsty (you're full of shit)",0,6
"At caz dal scavidi","Ti prendo a schiaffi","I'm gonna slap you",0,6
"At caz un manarvers ca't fag zire pr'una stmèn","Ti do uno schiaffo che ti faccio girare per una settimana","I'll give a slap that makes you spin for a week",0,6
"At cioud in te culeg","Ti chiudo in collegio","",0,6
"At cmenz a dè du sciafun ala volta finchè in dvènta despar","Comincio a darti due schiaffoni alla volta finché non diventi dispari","I'll give you slaps two by two until they become odd",1,6
"At dag un cargadour ad bòti","Ti carico di botte","I fill you with slaps",0,6
"At dag un sciafon cut parrà e dè d pasqua","Ti do uno schiaffone che ti sembrerà pasqua","I'll give you a slap that you'll think it's easter",0,6
"At faz na bretta","Te ne faccio un berretto (te lo tiro in testa)","I'll make a hat for you out of it (I will throw it against your head)",0,6
"At'si quèdar 'me la testa 'd 'n arsan!","Sei quadrato come la testa di un reggiano","",0,6
"Cat viena al zamor","Che ti venga il cimurro","May you get distemper",0,6
"Cat viena dù cancar ala volta finchè idventa dispar","Che ti vengano due cancri alla volta finchè diventino dispari","May you get cancers in pairs until they become odd",0,6
"Cat viena un mal che un cancar al sia un suliev","Che ti venga un male che un cancro sia un solliveo","May you get an illnes that a cancer is a relief",1,6
"Cat viena un mal saltarin in una camara dal sufit bas","Che ti venga un male salterino in una camera dal soffitto basso","May you get an illness that makes you jump, in a room with a low ceiling",0,6
"Ci acsè svampei che t'coz","Sei così svampito che vai a sbattere con la testa","You are so hare-brained that you hit you're head all the time",0,6
"Ci forra cum una bessa","Sei fuori come una biscia","You're out like a grass snake",0,6
"Ci fort c'mè l'aseda","Sei forte come l'aceto","You're cool like vinegar",0,6
"Ci furb, sol se chi-elt iè imbezel","Sei furbo solo se gli altri sono imbecilli","You're the smartest when all around you are stupids",0,6
"Ci long cum la messa canteda","Sei lungo come la messa cantata","You're boring like the sung mass",0,6
"Cì pez che ne la merda in te lét","Sei peggio della merda nel letto","You're worse than having shit in bed",1,6
"Ci propri un cucalon","Sei proprio un credulone","You're such a sucker",0,6
"Ci zonz c'me e baston de pulèr","Sei sporco come il bastone del pollaio","You're dirty like a stick in a hen-house",0,6
cuajoun,coglione,asshole,0,6
cujon,coglione,asshole,0,6
"Cu t'aves magnè la troia da znein","Che ti avesse mangiato la troia da piccolo","",0,6
"Cu't casches l'usel matera e u't rimbalzes in the cul","Che ti caschi l'uccello in terra e ti rimbalzi in culo","May your dick drop on the ground and bounce into your ass",0,6
"Cut s'ciupes una roda in curva","Che ti scoppi una ruota in curva","May one of your tires burst while you're making a turn",1,6
"Faza da cul da chèn da caza l'è piò bel e mi cul che la tu faza","Faccia da culo da cane da caccia è più bello il mio culo che la tua faccia","",0,6
Fis-ciaza,Spione,Spy,0,6
invurnid,imbranato,clod,0,6
"It à tgnù tri dì insla punta d'na badila, parché in saveva sat'ieri merda o paja","Ti hanno tenuto tre giorni sulla punta di un badile, perché non sapevano se eri merda o paglia","They kept you on the tip of a pitchfork for three days, because they didn't know whether you were shit or straw",0,6
Pataca,Stupido,Stupid,0,6
"Sat ciap a t'un dag cu ne sa nisoun","Se ti acchiappo te ne do che non lo sa nessuno","If I catch you I'll beat you so much that nobody knows",0,6
"Sat ciàp at scòurg da veiv","Se ti acchiappo ti scortico vivo","If I catch you I'll skin you alive",1,6
"Sat ciàp at stac un braz e at mèin sa quèl","Se ti acchiappo ti stacco un braccio e ti meno con quello","If I catch you I'll rip off one of your arms and beat you up with it",0,6
"Sel te la vaca in tla scheina?","Che hai una vacca sulla schiena? (sfaticato)","Do you have a cow on your back? (lazy)",0,6
"Socc'",Succhiamelo,"Suck me",0,6
Surdaz,Testone,Stubborn,0,6
"T'fe avni e lat m'i garet","Fai venire il latte alle caviglie","You make me have milk in my ankles",0,6
"T'fe schiv, loz e vargogna","Fai schifo, lordura e vergogna","You're revolting, loathing and embarassing",0,6
"Tan ci propri nurmel sobit","Tu non sei proprio normale subito","You're not normal at first sight",1,6
"Te una testa com una mazola","Hai una testa come una mazzola","You have a head like a tub gurnard",0,6
"Te ona testa che sù la ià una mazola la s'afoga","Hai una testa che se ce l'ha una mazzola affoga","You have a head that if a fish had it, it would drown",0,6
"Te ona testa che sù la ià un sardòn e và in muntagna","Hai una testa che se ce l'ha un sardone va in montagna","",0,6
"Tul in te sàc","Vai a prenderlo in culo","Go get it in the ass",0,6
"Va a cagher","Vai a cagare","Go take a dump",0,6
"Va a fè al pugnetti valà","Vai a masturbarti","Go wank",0,6
"Va a fè di buchein mi chèn","Vai a fare i bocchini ai cani","Go blow a dog",1,6
"Va a scurzé en’te remal","Va a scoreggiare sulla crusca (vai via)","Go fart on some bran (go away)",0,6
"Va' bèn a fèr dal pugnàt!","Vai a masturbarti","Go wank",0,6
"Vat fe dè in te cul","Vai a quel paese","Fuck off",0,6
Bagassa,Troia,Whore,0,9
Balengo,Strambo,Weird,0,9
besugo,tonto,gullible,0,9
"Poscitu muì orbu","Che tu possa morire cieco","May you die blind",1,9
Sussabelin,Rompiballe,"Pain in the ass",0,9
"Ti t'é ciù brutto d'o bacco do pollà","Sei più sporco del bastone dell'aia","You're more dirty than a stick in a hen-house",0,9
"Vanni a dà du cù","Vai a darci di culo","Go give your ass away",0,9
"Bellino sì...tu faresti gattare anche un cignale!","Sei così brutto che faresti vomitare anche un cinghiale!","You're so ugly that you would scare a boar",0,16
"Che ti lèi da' i' cazzo?!","Ti levi dal cazzo?!","Go out of my dick's way! (go away)",0,16
"Ma va' a piallo n'culo!","Vai a prenderlo in culo!","Go get it in your ass",0,16
"Sorti di fra i hoglioni!","Togliti dai coglioni","Get out of my ball's way! (go away)",1,16
tegame!,zoccola!,whore!,0,16
"ti levi di 'ulo","Ti levi dal culo (vai via!)","Get off my ass (go away!)",0,16
"ti pigliasse la cacarella a fischio","ti possa venire una cacarella rumorosa","may you get noisy trots",0,16
"Busta de piscio","Busta di piscio","Bag full of piss",0,8
"C'hai 'na sfiga tarmente granne che se te casca'r cazzo te rimbarza 'n culo!","Hai una sfiga cosí grande che se ti casca il cazzo ti rimbalza nel culo","You're so unlucky that if your dick drops it bounces in your ass",0,8
"Che te potessero lancià contro 3 colpi... uno che te liscia uno che te pia e uno che stenne tu sorella...","Che ti possano lanciare 3 colpi... uno che ti liscia, uno che ti prende e uno che stende tua sorella","May someone shoot you three hits... one that misses you, one that gets you and one that gets your sister",0,8
"Cuglio de puzzica!","Ti dai troppe arie (come una puzzola che mostra il culo)","You're showing yourself",1,8
"Me fai sbrattà","Mi fai vomitare","You make me puke",0,8
"Me te metto 'n tasca e te meno quanno ciò tempo","Ti metto in tasca e ti meno quando ho tempo","I'll put you in my pocket and deal with you when I have time",0,8
"'n te sputo che t'amprofumo","Non ti sputo perchè ti improfumerei","I don't spit on you because I would make you smell good",0,8
"sei tarmente brutto che si te incontra la morte de notte se gratta li cojoni","sei così brutto che se ti incontra la morte si gratta i testicoli","you're so ugly that if the reaper meets he'll scratch his balls",0,8
"T'atteggi t'atteggi ma sur cazzo mio nun ce scureggi","Ti atteggi ma sul mio cazzo non ci scorreggi (non mi fai impressione)","You show yourself off but you won't fart on my dick (you don't impress me much)",0,8
"Te ciancico e poi te sputo","Ti mastico e poi ti sputo","I'll chew and then spit you",0,8
"Te do li schiaffi a due a due finchè nun diventeno dispari","Ti tiro schiaffi a due a due finchè non diventano dispari","I'll give you slaps in pairs until they become odd",1,8
"Te do mezz'ora de schiaffi in cinque minuti","Ti do mezz'ora di schiaffi in 5 minuti","I'll give you 30 minutes of slaps in 5 minutes",0,8
"Te do 'n carcio ar culo che se per aria nun te porti da magnà te mori de fame","Ti do un calcio nel culo che se quando sei per aria non ti porti da mangiare ti muori di fame","I'll kick your ass so much that you'll fly, and if you don't have food you'll starve to death",0,8
"Te do 'na cricca sur petto che te ce faccio vení a nicchietta pe la madonna","Ti do un colpo in petto che ti faccio diventare come una nicchia per la madonna","I'll hit your chest and turn you into a niche for the virgin mary",0,8
"Te do 'na pizza che t'arestano pe' vagabondaggio","Ti do uno schiaffo che ti arrestano per vagabondaggio","",0,8
"Te faccio du' occhi neri che se te metti a masticà er bambù er wwf te protegge","Ti faccio due occhi neri che se mastichi il bambù il wwf ti protegge","I'll give you two black eyes so that if you eat some bamboo the wwf will protect you",0,8
"Te giro come 'na trottola che quanno te fermi i vestiti sò passati de moda","Ti giro come una trottola che quando ti fermi i vestiti sono passati di moda","I'll spin you so much that when you stop your clothes are out of fashion",0,8
"Te gonfio come 'na zampogna","Ti gonfio come una zampogna","I'll pump you up like a bagpipe",1,8
"Te metto 'n dito 'n bocca, uno ar culo e te sciacquo come 'na damiggiana","Ti metto un dito in bocca, uno in culo e ti sciacquo come una damigiana","I'll put a finger in your mouth, one in your asshole and I'll rinse you like a jug",0,8
"Te mischio come un mazzo de carte","Ti mischio come un mazzo di carte","I'll shuffle you like a card deck",0,8
"Te parcheggio 'na mano 'n faccia","Ti parcheggio una mano in faccia","I'll park my hand on your face",0,8
"Te piglio pe' li buchi der naso e t'aribbarto come li porpi","Ti prendo per i buchi del naso e ti ribalto come i polpi","I'll grab you by your nose's holes and I'll capsize you like an octopus",0,8
"Te pijo pe 'na recchia e te sventolo come 'na bandierina","Ti prendo per un orecchio e ti sventolo come una bandierina","I'll grab you by an ear and wave you like a flag",0,8
"Te pio pe' le recchie e te arzo com a coppa uefa","Ti prendo per le orecchie e ti alzo come la coppa uefa","I'll grab by your ears and lift you like a prize cup",0,8
"Te pozzeno fa i buttuni de matreperla","Che ti possano mettere i bottoni di madreperla (vengono messi ai morti)","May they put mother-of-pearl buttons on you (they are usually put on dead people)",1,8
"Te pozzi cicatte!","Che tu possa rimanere cieco!","May you become blind!",0,8
"Te ribarto come 'na cotoletta","Ti ribalto come una cotoletta","I'll capsize you like a piece of meat on the stove",0,8
"Te rivolto come 'n carzino","Ti rivolto come un calzino","I'll turn you over like a sock",0,8
"Te sparecchio la faccia","Ti sparecchio la faccia","I'll clear your face",0,8
"Te strappo 'n braccio e te lo metto pè cravatta","Ti stacco un braccio e te lo metto addosso come cravatta","I'll remove your arm and put it on you like a tie",0,8
"Te succhio come 'n gamberetto","Ti succhio come un gamberetto","I'll suck you like a shrimp",0,8
"testa de carciofo","testa di carciofo","artichoke head (blockhead)",1,8
"vattela pija n'der culo","vai a prendertelo in culo","go get it in your ass",0,8
"Almeno te piasse la cacarella a zompi!","Almeno ti venga una cacarella ad oltranza","May you get at least hiccupping diarrhea",0,18
"te manca solo lo spago p'essen'salame","ti manca solo lo spago per essere un salame","you're missing only the twine to be a salami",0,18
"Te pijasse un corbu! Ma anche un altro se no sberbichi","Ti prendesse un ictus! Ma anche un altro dall'altra parte altrimenti perdi l'equilibrio","May you get a brain stroke! But also another on the other side of the brain so you don't lose balance",0,18
"Te spojasse 'n trono e t'arvestisse n' furmine","Che ti spogli un tuono e ti rivesta un fulmine","May a thunder take your clothes off and a lightning put them back",0,18
"C'hai le fregne 'ntela testa","Hai vagine nella testa (te la tiri troppo)","You got pussies in your head (you're showing off)",0,11
"Che Dio ti abbia in cielo poi ti lasci!","Che Dio ti abbia in cielo e poi ti lasci cadere","May God have you in heaven then drop you",1,11
"Che te pozza scomponne e 'rcomponnete malamente!","Che tu possa scomporti e ricomporti malamente","May you decompose in pieces and recompose badly",0,11
"Che tu non pozza nè morì nè campà","Che tu non possa morire nè vivere","May you never die and never live",0,11
lota!,merda!,"(you are) shit!",0,11
"M' par' na mutand' staj siemp' annanz' o' cazz'","Mi sembri una mutanda stai sempre davanti al cazzo","You are like underwear, you're always on my dick's way (you're a pain in the ass)",0,11
"Ma nun te vai a fa da 'ntel culo!?","Ma non vai a prenderlo in culo!?","But go get it in your ass!?",0,11
"Sciacquate dai cojoni","Vai via dai coglioni","Wash yourself away from here",0,11
"Se te pio t'intreccio","Se ti prendo ti intreccio","If I catch you I'll weave you",1,11
Addurmito!,"Addormentato! (tonto)","You're sleeping! (dumb)",0,2
"Broccolò",Stupido,Stupid,0,2
"coso ciaffo","coso brutto","ugly thing (person)",0,2
"Dondolò",Fesso,Fool,0,2
"Fatti 'ngulo","Fatti nel culo","Do your own ass",0,2
Gnurantono!,Ignorante!,Ignorant!,0,2
Magnammerda,"Mangia merda (traditore)","Poop eater (traitor)",1,2
"Ndun'd",Intontito,Dull,0,2
"pantàsema","donna semplice","naive girl",0,2
"Puzzi fà la fine deju cutturu, cò j'uncino 'ncanna e ju focu 'nculo","Che tu possa fare la fine della pecora alla cottora, con un uncino in gola e il fuoco in culo","May you end up like the cutturu sheep (a dish), with a hook in your mouth and fire on your ass",0,2
"Puzza fà nu sbruff d sangh aal punt d lu cor!","Ti possa uscire il sangue dalla punta del cuore!","May you bleed from the tip of your heart",0,2
"Se te pijo pe na rua stretta te faccio fa gnau come a na jatta","Se ti prendo per una via stretta, ti faccio fare miao come una gatta","If I meet you in a small street I'll make you mew like a cat",0,2
"Stordolò",Stupido,Stupid,0,2
Sturdullono,Stupido,Stupid,1,2
"Te rescallo le canasse","Ti riscaldo la mascella (ti prendo a schiaffi)","I'll warm your jaw up (I'll slap you)",0,2
"Turdacò",Tonto,Silly,0,2
Tuntollono,Tonto,Silly,0,2
"Va a vedè se stengo 'npiazza","Vai a vedere se sono in piazza (vaffanculo)","Go check whether I am outside (fuck off)",0,2
"Vatte a reponne","Vai a riporti (vai via)","Go back where you came from",0,2
"Vattela a pijà 'nsaccoccia","Vai a prendertelo in tasca (vaffanculo)","Go get it in your pocket (fuck off)",0,2
"Vocc'apè","Bocca aperta (credulone)","open mouth (gullible)",1,2
"zambe chiorte","gambe storte (rachitico)",bowlegged,0,2
"a' luntan si bellill, a vicin si 'o fetill","da lontano sembri carino, ma da vicino sei il buco del culo","from distance you look cute, but closer you look buthole-like",0,5
"'a natura fa brutti scherze, a te te pigliate proprio po' 'o culo!","La natura fa brutti scherzi, a te ti ha preso proprio per culo!","Nature sometimes is wicked, with you it was an ass!",0,5
"Accattate na valigia chiena e cazze tuoi","Comprati una valigia piena di fatti tuoi","Buy a luggage full of your business",0,5
"Appicct e basett' e stutatell abbot e paccr'","Datti fuoco alle basette e spegnilo a suon di schiaffi","Put your whiskers on fire and put it off by slaps",0,5
"ca t puozz scapzza pa via","che tu possa cadere in mezzo alla strada","may you fall in the middle of the road",0,5
"Cac't 'mman e fa comm'agli indian!","Cacati in mano e fai il verso degli indiani!","Poo on your hand and do like the indians",1,5
"Cacat 'mman e schiattatell n'facc","Cacati in mano e sbattitela in faccia","Poo on your hand and flap it in your face",0,5
"Cap 'e cazzo","Testa di cazzo",Dickhead,0,5
"Ce fatto a' uallera a' pizzaiola","Ci hai cosí rotto i coglioni che sono come alla pizzaiola","",0,5
"curto e male 'ncavato","Sei piccolo e mal cresciuto (maleducato)"," You're small and poorly raised (badly behaved)",0,5
"Durmi c'a zizza 'mmocca","Dormi con il seno in bocca (svampito)","You sleep with the boob in your mouth (like a baby - hare brained)",0,5
"e pirete de culo rutte comme a te nu fanno rummore","le scoregge di culo rotto come te non fanno rumore","broken ass' farts like you are not even noisy",0,5
"Fai 'o vallo 'ncopp'a munnezza","Fai il gallo sull'immondizia (arrogante)","You're like a rooster on the garbage (arrogant)",1,5
"Fatte o riporto che e pili do naso","Fatti il riporto con i peli del naso","Comb over with your nose's hair",0,5
"Inta a sta vita si nu coglione, nell'altra eri 'a reincarnazione dell'altro","In questa vita sei un coglione, nell'altra eri la reincarnazione dell'altro","In this life you're a testicle, in the other life you were the reincarnation of the other testicle",0,5
"Ma quanne sí nato tu, mammeta ha rotto le acque o tiraie a catena?","Ma quando sei nato tu, tua madre ha rotto le acque o tirato la catena?","When you were born, your mother broke the waters or flushed you out?",0,5
"Meno male che nu tiene 'e palle, accussí nu currimme 'o rischio e truvà ati strunze comme a te","Meno male che non hai le palle, cosí non corriamo il rischio di trovare altri stronzi come te","Fortunately you have no balls, so there is no risk there will be others like you",0,5
"Nu piglià assai sole sta stagione, 'o sole assecche e strunze","Non prendere troppo sole questa estate, il sole secca gli stronzi","Don't take too much sun this season, the sun dries shit",0,5
"Nu sì bello manco a dinte, aggio visto e radiografie!","Non sei bello neanche dentro, ho visto le radiografie!","You're not even beautiful inside, I saw your x-rays!",0,5
"par o frat ro' cazz'","sembri il fratello del cazzo","you look like the dick's brother",1,5
"par a sor ra' fess'","sembri la sorella della vagina","you look like the vagina's sister",0,5
"Pereta senza rummore","Scoreggia senza rumore","You're a fart without noise",0,5
"Piglia 'a via toja","Prendi la tua strada","Go by your path",0,5
"Puozz'avé mez'ora 'e petriata dinto a 'nu vicolo astritto e ca nun sponta, farmacie 'nchiuse e miedece guallaruse!","Che tu possa essere lapidato in un vicolo stretto e cieco, farmacie chiuse e medici erniosi (lenti a soccorrere)","May you be stoned in a small dead-end street, pharmacies all closed and very slow doctors to cure you",0,5
"Puozze jettà 'o bbeleno!","Che tu possa sputare veleno (morire)","May you spit poison (die)",0,5
"Puozze sculà!","Che tu possa scolare (morire)","May you drain!",0,5
"Quanne me sente na meza chiavica, penso a te e mi ripiglio subbete","Quando mi sento una nullità penso a te e mi riprendo subito","When I feel a loser I think of you and I feel better soon",1,5
"Quanne vai into 'o cesso, te stai riproducenne!","Quando vai al bagno ti riproduci!","When you go to the toilet you are reproducing",0,5
"Quanno veco a te, capisco è nu munno 'e merda","Quando ti vedo capisco che è un mondo di merda","When I see you I realize the world sucks",0,5
"Si a curv ret' o cess","Sei la curva dietro al cesso","You're the curve on the wc's back",0,5
"Si a schifezz di tutt l'uommne","Sei la schifezza di tutti gli uomini","You're the filthiest of all men",0,5
"Si a schifezz e rint a saittel","Sei la schifezza dentro al tombino","You're the dirt under the manhole",0,5
"Sì a scumma rimasta n'coppo 'o penniello doppo che 'o nonno s'è fatta 'a barba","Sei la schiuma rimasta sul pennello dopo che il nonno si è fatto la barba","You're the foam left on the shave brush after that grandpa shaved",0,5
"sì a strunzaggine fosse musica tu fusse na discoteca","se la stronzaggine fosse musica tu saresti una discoteca","if jerkeness were music you would be a disco",1,5
"Sì accussí bello ca si faciss nu pireto m'o zucass!","Sei cosí bello che se facessi una scorreggia me la risucchierei!","You are so handsome that if I farted I would smell it all",0,5
"Sì accussí curnute, che 'o cervo se vò suicidà!","Sei cosí cornuto che il cervo si vuole suicidare","You have so big horns that deers want to kill themselves",0,5
"Sì accussí curto che te faie o bagno into o bidè","Sei cosí basso che ti fai il bagno nel bidè","You are so short that you bathe in the bidet",0,5
"Sì accussí curto che quanne te fai a doccia l'acqua n'capa t'arriva fredda!","Sei cosí basso quando ti fai la doccia l'acqua in testa ti arriva fredda!","You are so short that when you take a shower the water on your head is cold!",0,5
"Si bbrute comm' o cess si te vede a mort cagna mestiere","Sei brutto come un cesso se ti vede la morte cambia mestiere","You're ugly as a toilet if the reaper sees you she will switch job",0,5
"Sì comme a nu criature annanze all'albero e natale, rumpe e palle in continuazione","Sei come un bambino di fronte ad un albero di natale, rompi sempre le palle","You are like a child in front of a christmas tree, you always break balls",0,5
"Sì comme a nu pertuso int'a sacca do calzon, sierv sul pe me fa 'na rattata 'e palle","Sei come il buco nella tasca dei pantaloni, che serve solo a farmi grattare le palle","You're just like the hole in my pants, which is good to scratch my nuts",1,5
"si comme a maneca e 'mbrella, tutto stuorto","Sei come il manico di un ombrello, tutto storto","You're like the hook of an umbrella, awry",0,5
"Sì comme a mutanda staie sempe annanze 'o cazzo","Sei come una mutanda stai sempre davanti al cazzo","You are like underwear, you're always on my dick's way (you're a pain in the ass)",0,5
"Sì comme a raccolta differenziata, nu bidone e munnezza","Sei come la raccolta differenziata, un bidone di immondizia","You're like recycling, a bin of trash",0,5
"Sì comme o strunze appiso 'nculo","Sei come un stronzo penzolante dal sedere","You're like a piece of shit pending from an ass",0,5
"Sì furtunato pecchè sì brutto, si te vede a muorte cagna strada","Sei fortunato perchè sei brutto, se ti vede la morte cambia strada","You're lucky because you're ugly, if death bumps into you she will turn away",0,5
"Si na bellez carut ro ciel, na cacat e palumme","Sei una bellezza caduta dal cielo, la cacca delle colombe","You are a beauty fallen from the sky, doves' shit",0,5
"Si na bellez e ceramica, o cess","Sei una bellezza di ceramica, il cesso","You have a ceramic beauty, like the wc",1,5
"Si na bellezz marina, o purp","Sei una bellezza marina, il polipo","You have a marine beauty, like an octopus",0,5
"Si na buste e pirete","Sei un busta di scorregge","You're a bag of farts",0,5
"Si na cacata e cavall","Sei una cacata di cavallo","You're horseshit",0,5
"Sì na chiav'c","Sei una fogna","You're a sewer",0,5
"Si na mappin e lote","Sei un panno sporco","You're a dirty cloth",0,5
"Si 'na meza bbotta","Sei un mezzo botto","You're half a bang (duffer)",0,5
"Si na ualler a pzzaiuola","Sei un coglione alla pizzaiola","You're a dork at the 'pizzaiola'",1,5
"Si nu pirte st'lliat","Sei una scorreggia fetida","You're a fetid fart",0,5
"Si nu piscetiello 'e cannuccia","Sei un pesciolino di cannuccia (igenuo)","You're a fish of straw (naive)",0,5
"Si nu scaurachiuovo","Sei un bollichiodo","You're a nail boiler (useless)",0,5
"Si magnato 'e cule 'e gallina","Hai mangiato culi di gallina (logorroico)","You ate chicken's asses (long-winded)",0,5
"Si o cummuoje e copp' o cess","Sei il coperchio del cesso","You're the toilet's cover",0,5
"Sì talmente sfurtunate che si se ne care 'o cazzo ti rimbalza into 'o culo","Sei cosí sfortunato che se se ne cade il cazzo ti rimbalza nel culo","You're so unlucky that if your dick drops on the ground then bounces into your ass",0,5
"T' piscio n'capo e ppo' t'asciutto a bott e piriti","Ti urino in testa e poi ti asciugo a botte di flatulenze","I pee on your head and then I dry you by farts",1,5
"te dongo nu pacchere n'faccia che t'arrestano per vagabondaggio","ti do uno schiaffo in faccia che ti arrestano per vagabondaggio","",0,5
"Te manno a fa n'culo cu nu biglietto di sola andata","Ti mando a quel paese con un biglietto di sola andata","I send you to fuck off with a one-way ticket",0,5
"Te metto nu dito n'culo e nato mocca e te sciacquo comme a na buttiglia","Ti metto un dito in culo ed un altro in bocca, e ti sciacquo come una bottiglia","I'll put a finger in your ass and another in your mouth, and then I'll wash you like a bottle",0,5
"Te pense sempe inta a jurnata, ma mo' scusame m'aggia pulizzà o culo!","Ti penso sempre durante la giornata, ma adesso scusami devo pulirmi il culo!","I always think of you during the day, but now I need to clean my ass",0,5
"te vulesse purta' a na parte addo' l'aria tene o prufumo tuio, purtroppo 'o cesso è occupato","ti vorrei portare in un posto dove nell'aria c'è il tuo profumo, purtroppo il bagno è occupato","I'd like to take you to a place where the air has the same smell as you, unfortunately the bathroom is occupied",0,5
"Tene a cazzimme","È uno stronzo","he is a jerk",0,5
"Ti esce na puzza de rrecchie, se vede che tiene 'na capa e merda!","Ti esce una puzza dalle orecchie, si vede che hai la merda in testa!","Your ears smell, it's evident you have shit in your head",1,5
"Ti esce na puzza de rrecchie, se vede che tiene 'na capa e merda!","Ti esce una puzza dalle orecchie, si vede che hai la merda in testa!","Your ears smell, it's evident you have shit in your head",0,5
"tiene 'o cazzo muscio e 'o culo rutto!","hai il cazzo moscio e il culo rotto","your dick is lifeless and your ass is broken",0,5
"tiene 'o culo apierte comme o buco dell'ozono","hai il culo aperto come il buco dell'ozono","Your anus is as open as the ozone hole",0,5
"tiene 'o naso che me pare na prostata infiammata","hai il naso che sembra una prostata infiammata","your nose looks like a swollen prostrate",0,5
"tieni e cosce talmente storte che ce passa nu cane cu na mazza mmmoca","hai lo cosce talmente storte che ci passa una cane con un bastone in bocca","your legs are so crooked that a dog with a stick in its mouth could go through them",0,5
"Tiene tanta lentiggini che pare che ti hanno tirato n'faccia a merda ca zanzariera","Hai cosí tante lentiggini che sembra ti abbiano tirato la merda in faccia con una zanzariera","You have so many freckles that it looks like somebody threw shit on your face",0,5
"Tu me daie tante energia che mi fai girà e palle","Mi dai cosí tanta energia che mi fai girare i testicoli","You give me so much energy to make my balls go round",1,5
"tu pare na figura mitologica, tiene 'o cuorpe e ommo e 'a capa e cazze!","sembri una figura mitologica, hai il corpo di un uomo e la testa di cazzo!","You seem a mythological creature, you have a man's body and a dick's head",0,5
"Tu si comme a nu cane da neve n'husky-fezza","Sei come un cane da neve un husky-fezza","",0,5
"tutt' o blocc' si nu piret co fiocc","tutto sommato, sei solo un peto ben fatto","in the end, you're just a well executed fart",0,5
"Vatte a cuccà","Vai a dormire","Go to sleep (fuck off)",0,5
"Zuc'me l'ogn ro per","Succhiami l'unghia del piede","Suck my foot's nail",0,5
"arravughjt la sciang","ripiegati le gambe (vaffanculo)","Fold up your legs (fuck off)",0,13
"Cagammèrd",Cacasotto/Sfaticato,"Shitty pants/Lazy",1,13
Calandron,Tontolone,Gullible,0,13
Calascion,Tontolone,Gullible,0,13
Capacchion,Testardo/ingenuo,Stubborn/gullible,0,13
"Chèp d chiumm","Testa di piombo (testardo o sciocco)","Head full of lead (stubborn or gullible)",0,13
"Chin d serchje","Testa di luridume (incompetente o sciocco)","Head full of dirt (failure)",0,13
"Chin d siv","Testa piena di grasso (non sei affidabile)","Head full of fats (untrustable)",0,13
"Ciò-Ciò","Parli molto ma concludi poco","You speak a lot but don't do anything",1,13
"Faccje d ciol","Faccia da cazzo",Dickface,0,13
"Faccje du trè d baston","Faccia da tre di bastoni (brutto)","",0,13
"Maladesegrazjedegghiavè","Che tu possa avere una disgrazia","May something bad happen to you",0,13
"mongolò!",mongoloide!,moron!,0,13
"'mbamon",Infamone,villain,0,13
"'nghjemmon",Ottuso,Obtuse,0,13
Lurd,Lordo,Dirty,1,13
"Recchje d gomm","Orecchie di gomma (a sventola)","Rubber ears",0,13
"Stuè!",Stupido!,Stupid!,0,13
Trmon,"Sega (stolto)","You're a wank (gullible)",0,13
"Uàuà","Parli troppo ma concludi poco","You speak a lot but do nothing",0,13
Vaiass,Barbaro,Barbarous,0,13
"nd'hai chiù corna i nu panaru i bucalaci","Hai più corna di un cesto di lumache","You have more horns than a busket of snails",0,4
"nu mulu ragiona miglio e tie","un mulo ragiona meglio di te","a mule reasons better than you (you're stupid)",1,4
"piazz i merda","pezzo di merda","piece of shit",0,4
"se non foss' n'animalo t'avio già minato","se non fossi un animale ti avrei già picchiato","if you weren't an animal I would beat you already",0,4
"Sì na chiavica","Sei una fogna","You're a sewer",0,4
"sì propriu na ciota","sei proprio scemo","You are really stupid",0,4
"sì propriu nu ciutigno e mmerda","sei proprio un contenitore di merda","You are really a shit container",0,4
"sì talmente bruttu che puru a morta s' 'mpaura","sei così brutto che spaventeresti anche la morte","you're so ugly that even death is scared of you",0,4
"vavvidu 'n da ghiri","vedi dove devi andare","look where you have to go (fuck off)",1,4
"Armàlo 'i ggebbia","Animale che beve dall'abbeveratorio (ignorante)","Animal who drinks from a trough (ignorant)",0,15
Babbasuni!,Scemo!,Stupid!,0,15
Babbu!,Scemo!,Stupid!,0,15
bacchittuni!,Testardo!,Stubborn!,0,15
buttana!,puttana!,whore!,0,15
Cannavazzu!,"Straccio! (inutile)","Rag! (useless)",0,15
Cataprasimo/a,Imbranato,Clod,1,15
"chi ti manciassiru i canimannara!","Che ti sbranino i canilupo","May you be teared in pieces by wolf-dogs",0,15
cugghiuni,coglione,asshole,0,15
cuinnutu,cornuto,"horned (your wife cheats on you)",0,15
"Ha ghittari sangu ru cori!","Devi perdere sangue dal cuore!","May you bleed from your heart",0,15
"ietta sangu e mori!","Sanguina e muori! (dolorosamente)","Bleed and die! (in agony)",0,15
Loccu!,Scemo!,Stupid!,0,15
"ma va iaccati a mare!","ma vai a buttarti in mare!","go jump in the sea!",1,15
Maccarrune,Deficiente,Idiot,0,15
magnacciu,approfittatore,pimp,0,15
"Malanova mi a tu e tutta a to generazioni","Mannaggia a te e a tutta la tua generazione","Damned you and all your descendants",0,15
Minchiuni,Minchione,Simpleton,0,15
"mori ca testa nto cessu","muori con la testa nel cesso","Die with your head in the loo",0,15
murvuso,"morboso (fastidioso)","morbose (annoying)",0,15
"'nchiappafico",stupido,Stupid,1,15
"'n coppu 'ri minchia 'nda facci e t' fazzu tunnàri a casa stuccatu","Un colpo di minchia in faccia e ti faccio tornare a casa piegato","If I hit your face with my dick you will go home all bended",0,15
"Non ci scassari a minchia","Non mi rompere il cazzo (non rompere)","Don't break my dick (don't bother me)",0,15
"Non ci sucari a minchia","Non mi succhiare il cazzo (non rompere)","Don't suck my dick (don't bother me)",0,15
"Pezz'i mieidda","Pezzo di merda","Piece of shit",0,15
picculuemalacapatu,"piccolo e mal cresciuto (maleducato)","small and poorly raised (badly behaved)",0,15
pulla,puttana,whore,0,15
Rugnusu,Rognoso,Mangy,1,15
"Rusica ossa",Insensibile,Insensitive,0,15
scitruluni,cetriolone,dupe,0,15
"Sì accussì lario ca si ti viri u papa si fa u signa da' cruci","Sei così brutto che se ti vede il papa si fa il segno della croce","You're so ugly, if the pope sees you he'll make the sign of the cross",0,15
"Sì chiù curnutu di na cascia di babbaluci!","Sei più cornuto di una cassa di lumache!","You have more horns than a busket of snails",0,15
"Sì cchiù lariu ra motti!","Sei più brutto della morte!","You're uglier than death!",0,15
"Sì lario comi lu feli","Sei brutto come il fiele (la bile)","You're as ugly as the bile",0,15
"Sì mortu 'ntra l'ovu","Sei morto nell'uovo (stupido)","You're dead in the egg (gullible)",1,15
"Sì na chiavica","Sei una fogna","You're a sewer",0,15
"Sì na cosa inutuli","Sei una cosa inutile","You're something useless",0,15
"sì nu scravacchio","sei uno scarafaggio","you are a cockroach",0,15
"si te pigghju te stroppiu","se ti prendo ti rompo","If I grab you I'll break you",0,15
"sì un carduni","sei un cardo (grezzo)","you are a thistle (rude)",0,15
Spennagalletti,"spenna galli (nullafacente)","Rooster plucker",0,15
"Spera 'Ddiu ca t' a vveniri 'nfrusciu ca a gghittari fora magari l'ugna de pedi e mi ti s'annu a scuagghiari i pila do culu ppu sfozzu!","Spero che Dio ti faccia venire la diarrea così terribile che le unghie ti usciranno dai piedi ed i peli del culo si dovranno sciogliere per lo sforzo!","I hope God will give you such a strong diarrhea that your feet's nails will fall down and your ass hair will melt because of the effort!",1,15
"sucasti tri quatti e menzu ri sta minchia!","hai rotto tre quarti e mezzo di questo cazzo!","you broke three forths of dick!",0,15
"Talia dda stuppagghiara!","Guarda quella puttana!","Look at that whore!",0,15
Tappinara!,Zoccola!,Whore!,0,15
"Testa 'i minchia","Testa di cazzo",Dickhead,0,15
"Ti fazzu agghiùttiri i scagghiuna cu tutti l'angulara","Ti faccio inghiottire i canini con tutta la mascella","I'll make you swallow your canines with all your jaw",0,15
"Tu si nuddu ammiscatu ccu nenti!","Sei nessuno mischiato con niente!","You are nobody mixed with nothing!",0,15
"un ti cafuddo picchì a merda schizza!","Non ti picchio perchè la merda schizza","I don't hit you because shit squirts",1,15
"u' ti sputu picchì ti disifiattu","Non ti sputo perché ti disinfetterei","I don't spit on you otherwise I would disinfect you",0,15
"Va ecca u vilianu","Vai a buttare il veleno","Go pour some poison",0,15
"Va 'faritillu mettiri 'nto 'u culo da un sciecco","Vai a fartelo mettere in culo da un asino","Go get it in your ass by a donkey",0,15
"Va a ghittari saungu ru curi","Vai a buttare sangue dal cuore","Go bleed from your heart",0,15
"và ieccati 'ntra u sciddicaloro!","buttati da un dirupo!","Jump off a cliff!",0,15
"và ittariti 'ntra nu slavanco!","buttati da un dirupo!","Jump off a cliff!",0,15
"va' inchiummate","vai a impiombarti (spararti)","Go shoot yourself",1,15
"Va sucati un pruno","Vai a succhiarti una prugna","Go suck a plum",0,15
viddanu,rozzo,clod,0,15
"bai a cagai","vai a cagare","go take a dump",0,14
Calloni,Coglione,Dork,0,14
"Chi ri spagazziri su buginu","Che ti disperda il diavolo","May the devil dispers you",0,14
"chi di occiada unu lampu!","Che ti uccida un lampo!","May a lightning kill you!",0,14
Coddaproccusu!,"Hai rapporti sessuali con i suini","You are one who has sex with pigs",1,14
"Conche de cazzu","Testa di cazzo",Dickhead,0,14
"Cravadinci in su cunnu!","Infilati con forza in una vagina","Go inside a pussy",0,14
"Leala in culu bottasa et tottu","Vaffanculo con le scarpe e tutto il resto","Go fuck yourself with your shows and everything else",0,14
"Minc'e cuaddu ti coddidi!","Che un pene equino ti forzi ad avere rapporti sessuali!","May a horse's penis force you to have sex",0,14
"Minc'e cuaddu ti currada!","Che un pene equino ti perseguiti","May a horse's penis haunt you!",0,14
poba!,succhia!,"suck me!",0,14
"Fai schifo al cazzo","","You're disgusting",1,21
"Ora non posso ma appena possò scenderò come Gesù Cristo che ti benedice","","Now I can't but as soon as I can I'll descend on you like blessing Jesus Christ",0,21
"Sei così grasso che quando uno ti vede dice: mamma ho trovato il pallone da calcio","","You are so fat that when somebody sees you says: mom I found the soccer ball",0,21
"Sei così sfigato che in una gara di sfigati professionisti arriveresti secondo... perché sei sfigato!","","You're such a loser that in a worst loser competition you would get second... because you're a loser!",0,21
"sei più brutto della morte","","You're uglier than death",0,21
"sei talmente brutto che quando i bambini ti vedono dicono alle loro mamme: guarda mamma un culo con le orecchie!","","you're so ugly that when kids see you they tell their moms: look mom an ass with ears!",0,21
"Sei talmente brutto che quando tua madre ti ha partorito non sapeva se chiamare il dottore o il veterinaio","","You're so ugly that when you were born your mother didn't know whether to call the doctor or the vet",0,21
"sei talmente brutto che non ti sorridono neanche i sofficini Findus","","",1,21
"sei talmente grasso che gli oggetti che hai vicino ti orbitano attorno","","you're so fat that your objects orbit around you",0,21
